{
    "synthDelayFeedback": 0.289000004529953,
    "synthDelayMix": 0.20800000429153442,
    "synthDelayOn": true,
    "synthDelayTime": 0.20000000298023224,
    "synthDelayType": 2,
    "synthHpFilterCutoff": 1000.0,
    "synthHpFilterMix": 1.0,
    "synthHpFilterOn": false,
    "synthHpFilterQ": 0.7070000171661377,
    "synthLpFilterCutoff": 108.9000015258789,
    "synthLpFilterMix": 1.0,
    "synthLpFilterOn": true,
    "synthLpFilterQ": 0.8479999899864197,
    "synthMasterVolume": 1.0,
    "synthOscAOctave": 2,
    "synthOscAOn": true,
    "synthOscAPan": 0.5,
    "synthOscAVolume": 0.9580000042915344,
    "synthOscAWaveform": 0,
    "synthOscAttack": 0.0,
    "synthOscBOctave": 4,
    "synthOscBOn": true,
    "synthOscBPan": 0.49300000071525574,
    "synthOscBVolume": 0.4000000059604645,
    "synthOscBWaveform": 2,
    "synthOscDec": 0.19599999487400055,
    "synthOscHold": 0.0,
    "synthOscLpCutoffAmount": 51.86899948120117,
    "synthOscLpCutoffAttack": 0.0,
    "synthOscLpCutoffDec": 0.18199999630451202,
    "synthOscSus": 0.0,
    "synthReverbDamp": 0.20000000298023224,
    "synthReverbFeedback": 0.800000011920929,
    "synthReverbOn": true,
    "synthReverbWet": 0.20800000429153442
}