{
    "synthDelayFeedback": 0.3580000102519989,
    "synthDelayMix": 0.14900000393390656,
    "synthDelayOn": false,
    "synthDelayTime": 0.20000000298023224,
    "synthDelayType": 2,
    "synthHpFilterCutoff": 100.30000305175781,
    "synthHpFilterMix": 1.0,
    "synthHpFilterOn": false,
    "synthHpFilterQ": 0.7070000171661377,
    "synthLFO1Amount": 11.899999618530273,
    "synthLFO1Destination": 8,
    "synthLFO1EnvAttack": 0.0,
    "synthLFO1EnvDec": 0.972000002861023,
    "synthLFO1EnvHold": 0.0,
    "synthLFO1EnvSus": 0.0,
    "synthLFO1Frequency": 2.4570000171661377,
    "synthLFO1Mode": 1,
    "synthLFO1On": true,
    "synthLFO1Waveform": 2,
    "synthLFO2Amount": 28.600000381469727,
    "synthLFO2Destination": 9,
    "synthLFO2EnvAttack": 0.25,
    "synthLFO2EnvDec": 2.0,
    "synthLFO2EnvHold": 0.0,
    "synthLFO2EnvSus": 0.5049999952316284,
    "synthLFO2Frequency": 1.9850000143051147,
    "synthLFO2Mode": 2,
    "synthLFO2On": true,
    "synthLFO2Waveform": 0,
    "synthLpFilterCutoff": 876.0999755859375,
    "synthLpFilterMix": 0.6600000262260437,
    "synthLpFilterOn": true,
    "synthLpFilterQ": 0.5450000166893005,
    "synthOscAOctave": 2,
    "synthOscAOn": true,
    "synthOscAPan": 0.4950000047683716,
    "synthOscAVolume": 0.5730000138282776,
    "synthOscAWaveform": 0,
    "synthOscAttack": 0.0,
    "synthOscBOctave": 2,
    "synthOscBOn": true,
    "synthOscBPan": 0.5049999952316284,
    "synthOscBVolume": 0.10100000351667404,
    "synthOscBWaveform": 2,
    "synthOscDec": 0.0,
    "synthOscHold": 0.0,
    "synthOscLpCutoffAmount": -0.5659999847412109,
    "synthOscLpCutoffAttack": 0.0,
    "synthOscLpCutoffDec": 0.0,
    "synthOscRel": 0.008999999612569809,
    "synthOscSus": 1.0,
    "synthReverbDamp": 0.16699999570846558,
    "synthReverbFeedback": 0.800000011920929,
    "synthReverbOn": false,
    "synthReverbWet": 0.11100000143051147
}