{
    "synthDelayFeedback": 0.3580000102519989,
    "synthDelayMix": 0.14900000393390656,
    "synthDelayOn": true,
    "synthDelayTime": 0.20000000298023224,
    "synthDelayType": 2,
    "synthHpFilterCutoff": 100.30000305175781,
    "synthHpFilterMix": 1.0,
    "synthHpFilterOn": false,
    "synthHpFilterQ": 0.7070000171661377,
    "synthLFO1Amount": -0.6370000243186951,
    "synthLFO1Destination": 6,
    "synthLFO1EnvAttack": 0.0,
    "synthLFO1EnvDec": 0.972000002861023,
    "synthLFO1EnvHold": 0.0,
    "synthLFO1EnvSus": 0.0,
    "synthLFO1Frequency": 9.289999961853027,
    "synthLFO1Mode": 1,
    "synthLFO1On": true,
    "synthLFO1Waveform": 0,
    "synthLFO2Amount": -10.800000190734863,
    "synthLFO2Destination": 9,
    "synthLFO2EnvAttack": 0.25,
    "synthLFO2EnvDec": 2.0,
    "synthLFO2EnvHold": 0.0,
    "synthLFO2EnvSus": 0.5049999952316284,
    "synthLFO2Frequency": 15.651000022888184,
    "synthLFO2Mode": 1,
    "synthLFO2On": false,
    "synthLFO2Waveform": 0,
    "synthLpFilterCutoff": 653.4000244140625,
    "synthLpFilterMix": 0.7609999775886536,
    "synthLpFilterOn": true,
    "synthLpFilterQ": 0.7559999823570251,
    "synthOscAOctave": 4,
    "synthOscAOn": true,
    "synthOscAPan": 0.4950000047683716,
    "synthOscAVolume": 1.0,
    "synthOscAWaveform": 0,
    "synthOscAttack": 0.0,
    "synthOscBOctave": 6,
    "synthOscBOn": true,
    "synthOscBPan": 0.5049999952316284,
    "synthOscBVolume": 0.875,
    "synthOscBWaveform": 4,
    "synthOscDec": 0.0,
    "synthOscHold": 0.0,
    "synthOscLpCutoffAmount": -0.5659999847412109,
    "synthOscLpCutoffAttack": 0.0,
    "synthOscLpCutoffDec": 0.0,
    "synthOscRel": 0.008999999612569809,
    "synthOscSus": 1.0,
    "synthReverbDamp": 0.16699999570846558,
    "synthReverbFeedback": 0.800000011920929,
    "synthReverbOn": true,
    "synthReverbWet": 0.11100000143051147
}