{
    "synthDelayFeedback": 0.3580000102519989,
    "synthDelayMix": 0.25699999928474426,
    "synthDelayOn": true,
    "synthDelayTime": 0.20000000298023224,
    "synthDelayType": 2,
    "synthHpFilterCutoff": 1000.0,
    "synthHpFilterMix": 1.0,
    "synthHpFilterOn": false,
    "synthHpFilterQ": 0.7070000171661377,
    "synthLpFilterCutoff": 52.70000076293945,
    "synthLpFilterMix": 1.0,
    "synthLpFilterOn": true,
    "synthLpFilterQ": 0.7009999752044678,
    "synthOscAOctave": 7,
    "synthOscAOn": true,
    "synthOscAPan": 0.5,
    "synthOscAVolume": 0.7609999775886536,
    "synthOscAWaveform": 1,
    "synthOscAttack": 0.0,
    "synthOscBOctave": 5,
    "synthOscBOn": true,
    "synthOscBPan": 0.5,
    "synthOscBVolume": 0.7680000066757202,
    "synthOscBWaveform": 1,
    "synthOscDec": 0.3269999921321869,
    "synthOscHold": 0.0,
    "synthOscLpCutoffAmount": 60.0,
    "synthOscLpCutoffAttack": 0.0,
    "synthOscLpCutoffDec": 2.0,
    "synthOscSus": 0.6010000109672546,
    "synthReverbDamp": 0.20000000298023224,
    "synthReverbFeedback": 0.800000011920929,
    "synthReverbOn": true,
    "synthReverbWet": 0.15000000596046448
}