{
    "synthDelayFeedback": 0.16899999976158142,
    "synthDelayMix": 1.0,
    "synthDelayOn": false,
    "synthDelayTime": 0.05000000074505806,
    "synthDelayType": 1,
    "synthHpFilterCutoff": 94.0,
    "synthHpFilterMix": 1.0,
    "synthHpFilterOn": false,
    "synthHpFilterQ": 0.6880000233650208,
    "synthLFO1Amount": 1.5,
    "synthLFO1Destination": 2,
    "synthLFO1EnvAttack": 0.03799999877810478,
    "synthLFO1EnvDec": 0.10400000214576721,
    "synthLFO1EnvHold": 0.0,
    "synthLFO1EnvSus": 0.0,
    "synthLFO1Frequency": 1.0,
    "synthLFO1Mode": 0,
    "synthLFO1On": true,
    "synthLFO1Waveform": 0,
    "synthLFO2Amount": 0.800000011920929,
    "synthLFO2Destination": 2,
    "synthLFO2EnvAttack": 0.0,
    "synthLFO2EnvDec": 0.0,
    "synthLFO2EnvHold": 0.0,
    "synthLFO2EnvSus": 1.0,
    "synthLFO2Frequency": 60.375,
    "synthLFO2Mode": 1,
    "synthLFO2On": false,
    "synthLFO2Waveform": 1,
    "synthLpFilterCutoff": 441.8999938964844,
    "synthLpFilterMix": 1.0,
    "synthLpFilterOn": true,
    "synthLpFilterQ": 0.9279999732971191,
    "synthOscAOctave": 3,
    "synthOscAOn": true,
    "synthOscAPan": 0.5,
    "synthOscAVolume": 0.5590000152587891,
    "synthOscAWaveform": 0,
    "synthOscAttack": 0.024000000208616257,
    "synthOscBOctave": 4,
    "synthOscBOn": false,
    "synthOscBPan": 0.5,
    "synthOscBVolume": 0.2639999985694885,
    "synthOscBWaveform": 2,
    "synthOscDec": 1.8580000400543213,
    "synthOscHold": 0.0,
    "synthOscLpCutoffAmount": 44.433998107910156,
    "synthOscLpCutoffAttack": 0.2590000033378601,
    "synthOscLpCutoffDec": 0.8679999709129333,
    "synthOscRel": 0.453000009059906,
    "synthOscSus": 0.7409999966621399,
    "synthReverbDamp": 0.20000000298023224,
    "synthReverbFeedback": 0.800000011920929,
    "synthReverbOn": false,
    "synthReverbWet": 0.949999988079071
}