{
    "synthDelayFeedback": 0.3580000102519989,
    "synthDelayMix": 0.061000000685453415,
    "synthDelayOn": true,
    "synthDelayTime": 0.20000000298023224,
    "synthDelayType": 1,
    "synthHpFilterCutoff": 91.19999694824219,
    "synthHpFilterMix": 1.0,
    "synthHpFilterOn": false,
    "synthHpFilterQ": 0.7070000171661377,
    "synthLFO1Amount": 0.2549999952316284,
    "synthLFO1Destination": 1,
    "synthLFO1EnvAttack": 0.0,
    "synthLFO1EnvDec": 0.972000002861023,
    "synthLFO1EnvHold": 0.0,
    "synthLFO1EnvSus": 0.0,
    "synthLFO1Frequency": 5.047999858856201,
    "synthLFO1Mode": 1,
    "synthLFO1On": true,
    "synthLFO1Waveform": 1,
    "synthLFO2Amount": -17.200000762939453,
    "synthLFO2Destination": 9,
    "synthLFO2EnvAttack": 0.25,
    "synthLFO2EnvDec": 2.0,
    "synthLFO2EnvHold": 0.0,
    "synthLFO2EnvSus": 0.5049999952316284,
    "synthLFO2Frequency": 5.754000186920166,
    "synthLFO2Mode": 1,
    "synthLFO2On": true,
    "synthLFO2Waveform": 1,
    "synthLpFilterCutoff": 62.599998474121094,
    "synthLpFilterMix": 1.0,
    "synthLpFilterOn": false,
    "synthLpFilterQ": 0.6470000147819519,
    "synthOscAOctave": 2,
    "synthOscAOn": true,
    "synthOscAPan": 0.3619999885559082,
    "synthOscAVolume": 1.0,
    "synthOscAWaveform": 5,
    "synthOscAttack": 0.0,
    "synthOscBOctave": 4,
    "synthOscBOn": false,
    "synthOscBPan": 0.5049999952316284,
    "synthOscBVolume": 0.12300000339746475,
    "synthOscBWaveform": 1,
    "synthOscDec": 0.17900000512599945,
    "synthOscHold": 0.0,
    "synthOscLpCutoffAmount": -0.5659999847412109,
    "synthOscLpCutoffAttack": 0.0,
    "synthOscLpCutoffDec": 0.0,
    "synthOscRel": 0.008999999612569809,
    "synthOscSus": 0.7409999966621399,
    "synthReverbDamp": 0.16699999570846558,
    "synthReverbFeedback": 0.800000011920929,
    "synthReverbOn": false,
    "synthReverbWet": 0.12300000339746475
}