{
    "synthDelayFeedback": 0.4399999976158142,
    "synthDelayMix": 0.3659999966621399,
    "synthDelayOn": true,
    "synthDelayTime": 0.19200000166893005,
    "synthDelayType": 2,
    "synthHpFilterCutoff": 158.39999389648438,
    "synthHpFilterMix": 1.0,
    "synthHpFilterOn": false,
    "synthHpFilterQ": 0.7070000171661377,
    "synthLFO1Amount": 0.30000001192092896,
    "synthLFO1Destination": 2,
    "synthLFO1EnvAttack": 0.0,
    "synthLFO1EnvDec": 0.0,
    "synthLFO1EnvHold": 0.0,
    "synthLFO1EnvSus": 0.16699999570846558,
    "synthLFO1Frequency": 1.0,
    "synthLFO1Mode": 0,
    "synthLFO1On": true,
    "synthLFO1Waveform": 0,
    "synthLFO2Amount": -0.30000001192092896,
    "synthLFO2Destination": 5,
    "synthLFO2EnvAttack": 0.0,
    "synthLFO2EnvDec": 0.0,
    "synthLFO2EnvHold": 0.0,
    "synthLFO2EnvSus": 0.17499999701976776,
    "synthLFO2Frequency": 60.375,
    "synthLFO2Mode": 0,
    "synthLFO2On": true,
    "synthLFO2Waveform": 1,
    "synthLpFilterCutoff": 5521.60009765625,
    "synthLpFilterMix": 1.0,
    "synthLpFilterOn": false,
    "synthLpFilterQ": 0.5720000267028809,
    "synthOscAOctave": 5,
    "synthOscAOn": true,
    "synthOscAPan": 0.25,
    "synthOscAVolume": 0.5730000138282776,
    "synthOscAWaveform": 0,
    "synthOscAttack": 0.0,
    "synthOscBOctave": 5,
    "synthOscBOn": true,
    "synthOscBPan": 0.7519999742507935,
    "synthOscBVolume": 0.5870000123977661,
    "synthOscBWaveform": 0,
    "synthOscDec": 0.0,
    "synthOscHold": 0.0,
    "synthOscLpCutoffAmount": 0.0,
    "synthOscLpCutoffAttack": 0.0,
    "synthOscLpCutoffDec": 0.0,
    "synthOscRel": 0.546999990940094,
    "synthOscSus": 1.0,
    "synthReverbDamp": 0.20000000298023224,
    "synthReverbFeedback": 0.800000011920929,
    "synthReverbOn": true,
    "synthReverbWet": 0.12700000405311584
}