{
    "synthDelayFeedback": 0.48399999737739563,
    "synthDelayMix": 0.2029999941587448,
    "synthDelayOn": true,
    "synthDelayTime": 0.2619999945163727,
    "synthDelayType": 1,
    "synthHpFilterCutoff": 1000.0,
    "synthHpFilterMix": 1.0,
    "synthHpFilterOn": false,
    "synthHpFilterQ": 0.7070000171661377,
    "synthLpFilterCutoff": 20000.0,
    "synthLpFilterMix": 1.0,
    "synthLpFilterOn": true,
    "synthLpFilterQ": 0.7020000219345093,
    "synthOscAOctave": 5,
    "synthOscAOn": true,
    "synthOscAPan": 0.5,
    "synthOscAVolume": 0.578000009059906,
    "synthOscAWaveform": 1,
    "synthOscAttack": 0.0,
    "synthOscBOctave": 7,
    "synthOscBOn": false,
    "synthOscBPan": 0.4880000054836273,
    "synthOscBVolume": 0.07800000160932541,
    "synthOscBWaveform": 1,
    "synthOscDec": 0.1459999978542328,
    "synthOscHold": 0.0,
    "synthOscLpCutoffAmount": 60.0,
    "synthOscLpCutoffAttack": 0.0,
    "synthOscLpCutoffDec": 0.10700000077486038,
    "synthOscSus": 0.0,
    "synthReverbDamp": 0.20000000298023224,
    "synthReverbFeedback": 0.800000011920929,
    "synthReverbOn": true,
    "synthReverbWet": 1.0
}