{
    "synthDelayFeedback": 0.3580000102519989,
    "synthDelayMix": 0.061000000685453415,
    "synthDelayOn": true,
    "synthDelayTime": 0.20000000298023224,
    "synthDelayType": 1,
    "synthHpFilterCutoff": 1000.0,
    "synthHpFilterMix": 1.0,
    "synthHpFilterOn": false,
    "synthHpFilterQ": 0.7070000171661377,
    "synthLpFilterCutoff": 2617.300048828125,
    "synthLpFilterMix": 1.0,
    "synthLpFilterOn": true,
    "synthLpFilterQ": 0.8339999914169312,
    "synthOscAOctave": 4,
    "synthOscAOn": true,
    "synthOscAPan": 0.5,
    "synthOscAVolume": 0.7609999775886536,
    "synthOscAWaveform": 0,
    "synthOscAttack": 0.1589999943971634,
    "synthOscBOctave": 4,
    "synthOscBOn": true,
    "synthOscBPan": 0.5,
    "synthOscBVolume": 0.0860000029206276,
    "synthOscBWaveform": 3,
    "synthOscDec": 0.5929999947547913,
    "synthOscHold": 0.0,
    "synthOscLpCutoffAmount": 33.3650016784668,
    "synthOscLpCutoffAttack": 0.0,
    "synthOscLpCutoffDec": 2.0,
    "synthOscSus": 0.7360000014305115,
    "synthReverbDamp": 0.20000000298023224,
    "synthReverbFeedback": 0.800000011920929,
    "synthReverbOn": false,
    "synthReverbWet": 1.0
}