{
    "synthDelayFeedback": 0.3580000102519989,
    "synthDelayMix": 0.061000000685453415,
    "synthDelayOn": false,
    "synthDelayTime": 0.20000000298023224,
    "synthDelayType": 1,
    "synthHpFilterCutoff": 1000.0,
    "synthHpFilterMix": 1.0,
    "synthHpFilterOn": false,
    "synthHpFilterQ": 0.7070000171661377,
    "synthLFO1Amount": 0.2549999952316284,
    "synthLFO1Destination": 1,
    "synthLFO1EnvAttack": 0.0,
    "synthLFO1EnvDec": 0.972000002861023,
    "synthLFO1EnvHold": 0.0,
    "synthLFO1EnvSus": 0.0,
    "synthLFO1Frequency": 5.047999858856201,
    "synthLFO1Mode": 1,
    "synthLFO1On": true,
    "synthLFO1Waveform": 1,
    "synthLFO2Amount": -17.200000762939453,
    "synthLFO2Destination": 9,
    "synthLFO2EnvAttack": 0.25,
    "synthLFO2EnvDec": 2.0,
    "synthLFO2EnvHold": 0.0,
    "synthLFO2EnvSus": 0.5049999952316284,
    "synthLFO2Frequency": 5.754000186920166,
    "synthLFO2Mode": 1,
    "synthLFO2On": true,
    "synthLFO2Waveform": 1,
    "synthLpFilterCutoff": 1884.0,
    "synthLpFilterMix": 1.0,
    "synthLpFilterOn": true,
    "synthLpFilterQ": 0.6470000147819519,
    "synthOscAOctave": 4,
    "synthOscAOn": true,
    "synthOscAPan": 0.37299999594688416,
    "synthOscAVolume": 0.7739999890327454,
    "synthOscAWaveform": 5,
    "synthOscAttack": 0.004999999888241291,
    "synthOscBOctave": 4,
    "synthOscBOn": true,
    "synthOscBPan": 0.5049999952316284,
    "synthOscBVolume": 0.004000000189989805,
    "synthOscBWaveform": 3,
    "synthOscDec": 0.0,
    "synthOscHold": 0.0,
    "synthOscLpCutoffAmount": 23.20800018310547,
    "synthOscLpCutoffAttack": 0.6039999723434448,
    "synthOscLpCutoffDec": 2.0,
    "synthOscRel": 0.02800000086426735,
    "synthOscSus": 1.0,
    "synthReverbDamp": 0.16699999570846558,
    "synthReverbFeedback": 0.800000011920929,
    "synthReverbOn": false,
    "synthReverbWet": 0.125
}