{
    "synthDelayFeedback": 0.16899999976158142,
    "synthDelayMix": 0.21199999749660492,
    "synthDelayOn": false,
    "synthDelayTime": 0.05000000074505806,
    "synthDelayType": 2,
    "synthHpFilterCutoff": 511.70001220703125,
    "synthHpFilterMix": 1.0,
    "synthHpFilterOn": false,
    "synthHpFilterQ": 0.6880000233650208,
    "synthLFO1Amount": 12.699999809265137,
    "synthLFO1Destination": 2,
    "synthLFO1EnvAttack": 0.0,
    "synthLFO1EnvDec": 0.02800000086426735,
    "synthLFO1EnvHold": 0.0,
    "synthLFO1EnvSus": 0.0,
    "synthLFO1Frequency": 1.0,
    "synthLFO1Mode": 0,
    "synthLFO1On": true,
    "synthLFO1Waveform": 0,
    "synthLFO2Amount": 0.800000011920929,
    "synthLFO2Destination": 2,
    "synthLFO2EnvAttack": 0.0,
    "synthLFO2EnvDec": 0.0,
    "synthLFO2EnvHold": 0.0,
    "synthLFO2EnvSus": 1.0,
    "synthLFO2Frequency": 60.375,
    "synthLFO2Mode": 1,
    "synthLFO2On": false,
    "synthLFO2Waveform": 1,
    "synthLpFilterCutoff": 6498.60009765625,
    "synthLpFilterMix": 1.0,
    "synthLpFilterOn": false,
    "synthLpFilterQ": 0.6949999928474426,
    "synthOscAOctave": 3,
    "synthOscAOn": true,
    "synthOscAPan": 0.5,
    "synthOscAVolume": 0.7689999938011169,
    "synthOscAWaveform": 4,
    "synthOscAttack": 0.0,
    "synthOscBOctave": 4,
    "synthOscBOn": true,
    "synthOscBPan": 0.5,
    "synthOscBVolume": 0.578000009059906,
    "synthOscBWaveform": 3,
    "synthOscDec": 0.0949999988079071,
    "synthOscHold": 0.0,
    "synthOscLpCutoffAmount": 28.302000045776367,
    "synthOscLpCutoffAttack": 0.0,
    "synthOscLpCutoffDec": 0.5419999957084656,
    "synthOscRel": 0.0560000017285347,
    "synthOscSus": 0.0,
    "synthReverbDamp": 0.20000000298023224,
    "synthReverbFeedback": 0.800000011920929,
    "synthReverbOn": false,
    "synthReverbWet": 0.16699999570846558
}