{
    "synthDelayFeedback": 0.3580000102519989,
    "synthDelayMix": 0.061000000685453415,
    "synthDelayOn": true,
    "synthDelayTime": 0.20000000298023224,
    "synthDelayType": 1,
    "synthHpFilterCutoff": 1000.0,
    "synthHpFilterMix": 1.0,
    "synthHpFilterOn": false,
    "synthHpFilterQ": 0.7070000171661377,
    "synthLFO1Amount": -0.10000000149011612,
    "synthLFO1Destination": 2,
    "synthLFO1EnvAttack": 0.0,
    "synthLFO1EnvDec": 0.972000002861023,
    "synthLFO1EnvHold": 0.0,
    "synthLFO1EnvSus": 0.0,
    "synthLFO1Frequency": 6.184000015258789,
    "synthLFO1Mode": 1,
    "synthLFO1On": true,
    "synthLFO1Waveform": 1,
    "synthLFO2Amount": 22.600000381469727,
    "synthLFO2Destination": 9,
    "synthLFO2EnvAttack": 0.25,
    "synthLFO2EnvDec": 2.0,
    "synthLFO2EnvHold": 0.0,
    "synthLFO2EnvSus": 0.5049999952316284,
    "synthLFO2Frequency": 1.9850000143051147,
    "synthLFO2Mode": 2,
    "synthLFO2On": true,
    "synthLFO2Waveform": 0,
    "synthLpFilterCutoff": 1118.5999755859375,
    "synthLpFilterMix": 1.0,
    "synthLpFilterOn": true,
    "synthLpFilterQ": 1.180999994277954,
    "synthOscAOctave": 5,
    "synthOscAOn": true,
    "synthOscAPan": 0.5,
    "synthOscAVolume": 0.7609999775886536,
    "synthOscAWaveform": 4,
    "synthOscAttack": 0.593999981880188,
    "synthOscBOctave": 4,
    "synthOscBOn": true,
    "synthOscBPan": 0.5049999952316284,
    "synthOscBVolume": 0.007000000216066837,
    "synthOscBWaveform": 3,
    "synthOscDec": 1.2079999446868896,
    "synthOscHold": 0.0,
    "synthOscLpCutoffAmount": 23.20800018310547,
    "synthOscLpCutoffAttack": 0.6039999723434448,
    "synthOscLpCutoffDec": 2.0,
    "synthOscRel": 1.2829999923706055,
    "synthOscSus": 0.6179999709129333,
    "synthReverbDamp": 0.20000000298023224,
    "synthReverbFeedback": 0.800000011920929,
    "synthReverbOn": true,
    "synthReverbWet": 0.23800000548362732
}